[
  {
    "proxy": "socks5://46.105.105.223:35749",
    "protocol": "socks5",
    "ip": "46.105.105.223",
    "port": 35749,
    "https": false,
    "anonymity": "transparent",
    "score": 1,
    "geolocation": {
      "country": "FR",
      "city": ""
    }
  },
  {
    "proxy": "socks5://208.102.51.6:58208",
    "protocol": "socks5",
    "ip": "208.102.51.6",
    "port": 58208,
    "https": false,
    "anonymity": "transparent",
    "score": 1,
    "geolocation": {
      "country": "US",
      "city": "Alexandria"
    }
  },
  {
    "proxy": "socks5://140.82.29.208:57952",
    "protocol": "socks5",
    "ip": "140.82.29.208",
    "port": 57952,
    "https": false,
    "anonymity": "transparent",
    "score": 1,
    "geolocation": {
      "country": "US",
      "city": "Miami"
    }
  },
  {
    "proxy": "socks5://103.179.156.62:1080",
    "protocol": "socks5",
    "ip": "103.179.156.62",
    "port": 1080,
    "https": false,
    "anonymity": "transparent",
    "score": 1,
    "geolocation": {
      "country": "BD",
      "city": ""
    }
  },
  {
    "proxy": "socks5://178.141.240.140:1080",
    "protocol": "socks5",
    "ip": "178.141.240.140",
    "port": 1080,
    "https": false,
    "anonymity": "transparent",
    "score": 1,
    "geolocation": {
      "country": "RU",
      "city": "Kirov"
    }
  },
  {
    "proxy": "socks5://93.182.26.66:1080",
    "protocol": "socks5",
    "ip": "93.182.26.66",
    "port": 1080,
    "https": false,
    "anonymity": "transparent",
    "score": 1,
    "geolocation": {
      "country": "RU",
      "city": "Moscow"
    }
  },
  {
    "proxy": "socks5://31.129.147.102:1080",
    "protocol": "socks5",
    "ip": "31.129.147.102",
    "port": 1080,
    "https": false,
    "anonymity": "transparent",
    "score": 1,
    "geolocation": {
      "country": "RU",
      "city": "Tver"
    }
  },
  {
    "proxy": "socks5://45.12.132.237:51791",
    "protocol": "socks5",
    "ip": "45.12.132.237",
    "port": 51791,
    "https": false,
    "anonymity": "transparent",
    "score": 1,
    "geolocation": {
      "country": "CY",
      "city": ""
    }
  },
  {
    "proxy": "socks5://47.243.113.74:6666",
    "protocol": "socks5",
    "ip": "47.243.113.74",
    "port": 6666,
    "https": false,
    "anonymity": "transparent",
    "score": 1,
    "geolocation": {
      "country": "HK",
      "city": "Hong Kong"
    }
  },
  {
    "proxy": "socks5://85.175.219.236:1080",
    "protocol": "socks5",
    "ip": "85.175.219.236",
    "port": 1080,
    "https": false,
    "anonymity": "transparent",
    "score": 1,
    "geolocation": {
      "country": "RU",
      "city": ""
    }
  },
  {
    "proxy": "socks5://51.178.68.226:46753",
    "protocol": "socks5",
    "ip": "51.178.68.226",
    "port": 46753,
    "https": false,
    "anonymity": "transparent",
    "score": 1,
    "geolocation": {
      "country": "FR",
      "city": ""
    }
  },
  {
    "proxy": "socks5://213.169.39.234:31098",
    "protocol": "socks5",
    "ip": "213.169.39.234",
    "port": 31098,
    "https": false,
    "anonymity": "transparent",
    "score": 1,
    "geolocation": {
      "country": "BG",
      "city": ""
    }
  },
  {
    "proxy": "socks5://46.10.229.243:7777",
    "protocol": "socks5",
    "ip": "46.10.229.243",
    "port": 7777,
    "https": false,
    "anonymity": "transparent",
    "score": 1,
    "geolocation": {
      "country": null,
      "city": null
    }
  },
  {
    "proxy": "socks5://46.105.105.223:18579",
    "protocol": "socks5",
    "ip": "46.105.105.223",
    "port": 18579,
    "https": false,
    "anonymity": "transparent",
    "score": 1,
    "geolocation": {
      "country": "FR",
      "city": ""
    }
  },
  {
    "proxy": "socks5://95.188.79.3:1080",
    "protocol": "socks5",
    "ip": "95.188.79.3",
    "port": 1080,
    "https": false,
    "anonymity": "transparent",
    "score": 1,
    "geolocation": {
      "country": "RU",
      "city": "Krasnoyarsk"
    }
  },
  {
    "proxy": "socks5://23.81.207.113:5256",
    "protocol": "socks5",
    "ip": "23.81.207.113",
    "port": 5256,
    "https": false,
    "anonymity": "transparent",
    "score": 1,
    "geolocation": {
      "country": "US",
      "city": "Scottsdale"
    }
  },
  {
    "proxy": "socks5://209.141.45.119:56666",
    "protocol": "socks5",
    "ip": "209.141.45.119",
    "port": 56666,
    "https": false,
    "anonymity": "transparent",
    "score": 1,
    "geolocation": {
      "country": "US",
      "city": "Las Vegas"
    }
  },
  {
    "proxy": "socks5://183.6.71.50:1080",
    "protocol": "socks5",
    "ip": "183.6.71.50",
    "port": 1080,
    "https": false,
    "anonymity": "transparent",
    "score": 1,
    "geolocation": {
      "country": "CN",
      "city": "Guangzhou"
    }
  },
  {
    "proxy": "socks5://51.210.111.216:43311",
    "protocol": "socks5",
    "ip": "51.210.111.216",
    "port": 43311,
    "https": false,
    "anonymity": "transparent",
    "score": 1,
    "geolocation": {
      "country": "FR",
      "city": ""
    }
  },
  {
    "proxy": "socks5://45.142.193.192:9317",
    "protocol": "socks5",
    "ip": "45.142.193.192",
    "port": 9317,
    "https": false,
    "anonymity": "transparent",
    "score": 1,
    "geolocation": {
      "country": "RO",
      "city": ""
    }
  },
  {
    "proxy": "socks5://45.142.193.187:4419",
    "protocol": "socks5",
    "ip": "45.142.193.187",
    "port": 4419,
    "https": false,
    "anonymity": "transparent",
    "score": 1,
    "geolocation": {
      "country": "RO",
      "city": ""
    }
  },
  {
    "proxy": "socks5://46.146.220.177:1080",
    "protocol": "socks5",
    "ip": "46.146.220.177",
    "port": 1080,
    "https": false,
    "anonymity": "transparent",
    "score": 1,
    "geolocation": {
      "country": "RU",
      "city": "Perm"
    }
  },
  {
    "proxy": "socks5://45.142.193.187:4371",
    "protocol": "socks5",
    "ip": "45.142.193.187",
    "port": 4371,
    "https": false,
    "anonymity": "transparent",
    "score": 1,
    "geolocation": {
      "country": "RO",
      "city": ""
    }
  },
  {
    "proxy": "socks5://51.75.126.150:6424",
    "protocol": "socks5",
    "ip": "51.75.126.150",
    "port": 6424,
    "https": false,
    "anonymity": "transparent",
    "score": 1,
    "geolocation": {
      "country": "FR",
      "city": ""
    }
  },
  {
    "proxy": "socks5://46.105.105.223:54030",
    "protocol": "socks5",
    "ip": "46.105.105.223",
    "port": 54030,
    "https": false,
    "anonymity": "transparent",
    "score": 1,
    "geolocation": {
      "country": "FR",
      "city": ""
    }
  },
  {
    "proxy": "socks5://69.64.85.167:18707",
    "protocol": "socks5",
    "ip": "69.64.85.167",
    "port": 18707,
    "https": false,
    "anonymity": "transparent",
    "score": 1,
    "geolocation": {
      "country": "US",
      "city": ""
    }
  },
  {
    "proxy": "socks5://82.223.165.28:59602",
    "protocol": "socks5",
    "ip": "82.223.165.28",
    "port": 59602,
    "https": false,
    "anonymity": "transparent",
    "score": 1,
    "geolocation": {
      "country": "ES",
      "city": ""
    }
  },
  {
    "proxy": "socks5://51.75.126.150:14602",
    "protocol": "socks5",
    "ip": "51.75.126.150",
    "port": 14602,
    "https": false,
    "anonymity": "transparent",
    "score": 1,
    "geolocation": {
      "country": "FR",
      "city": ""
    }
  },
  {
    "proxy": "socks5://51.210.111.216:11926",
    "protocol": "socks5",
    "ip": "51.210.111.216",
    "port": 11926,
    "https": false,
    "anonymity": "transparent",
    "score": 1,
    "geolocation": {
      "country": "FR",
      "city": ""
    }
  },
  {
    "proxy": "socks5://51.210.111.216:29733",
    "protocol": "socks5",
    "ip": "51.210.111.216",
    "port": 29733,
    "https": false,
    "anonymity": "transparent",
    "score": 1,
    "geolocation": {
      "country": "FR",
      "city": ""
    }
  },
  {
    "proxy": "socks5://45.142.193.187:5409",
    "protocol": "socks5",
    "ip": "45.142.193.187",
    "port": 5409,
    "https": false,
    "anonymity": "transparent",
    "score": 1,
    "geolocation": {
      "country": "RO",
      "city": ""
    }
  },
  {
    "proxy": "socks5://45.142.193.187:4498",
    "protocol": "socks5",
    "ip": "45.142.193.187",
    "port": 4498,
    "https": false,
    "anonymity": "transparent",
    "score": 1,
    "geolocation": {
      "country": "RO",
      "city": ""
    }
  },
  {
    "proxy": "socks5://45.142.193.192:4367",
    "protocol": "socks5",
    "ip": "45.142.193.192",
    "port": 4367,
    "https": false,
    "anonymity": "transparent",
    "score": 1,
    "geolocation": {
      "country": "RO",
      "city": ""
    }
  },
  {
    "proxy": "socks5://72.49.49.11:31034",
    "protocol": "socks5",
    "ip": "72.49.49.11",
    "port": 31034,
    "https": false,
    "anonymity": "transparent",
    "score": 1,
    "geolocation": {
      "country": "US",
      "city": "Cincinnati"
    }
  },
  {
    "proxy": "socks5://198.199.86.11:1080",
    "protocol": "socks5",
    "ip": "198.199.86.11",
    "port": 1080,
    "https": false,
    "anonymity": "transparent",
    "score": 1,
    "geolocation": {
      "country": "US",
      "city": "North Bergen"
    }
  },
  {
    "proxy": "socks5://138.68.60.8:1080",
    "protocol": "socks5",
    "ip": "138.68.60.8",
    "port": 1080,
    "https": false,
    "anonymity": "transparent",
    "score": 1,
    "geolocation": {
      "country": "US",
      "city": "Santa Clara"
    }
  },
  {
    "proxy": "socks5://221.158.136.160:41012",
    "protocol": "socks5",
    "ip": "221.158.136.160",
    "port": 41012,
    "https": false,
    "anonymity": "transparent",
    "score": 1,
    "geolocation": {
      "country": "KR",
      "city": "Seo-gu"
    }
  },
  {
    "proxy": "socks5://139.59.1.14:1080",
    "protocol": "socks5",
    "ip": "139.59.1.14",
    "port": 1080,
    "https": false,
    "anonymity": "transparent",
    "score": 1,
    "geolocation": {
      "country": "IN",
      "city": "Bengaluru"
    }
  },
  {
    "proxy": "socks5://98.152.200.61:8081",
    "protocol": "socks5",
    "ip": "98.152.200.61",
    "port": 8081,
    "https": false,
    "anonymity": "transparent",
    "score": 1,
    "geolocation": {
      "country": "US",
      "city": "Los Angeles"
    }
  },
  {
    "proxy": "socks5://77.41.168.189:1080",
    "protocol": "socks5",
    "ip": "77.41.168.189",
    "port": 1080,
    "https": false,
    "anonymity": "transparent",
    "score": 1,
    "geolocation": {
      "country": "RU",
      "city": ""
    }
  },
  {
    "proxy": "socks5://36.133.145.80:8081",
    "protocol": "socks5",
    "ip": "36.133.145.80",
    "port": 8081,
    "https": false,
    "anonymity": "transparent",
    "score": 1,
    "geolocation": {
      "country": "CN",
      "city": ""
    }
  },
  {
    "proxy": "socks5://36.133.145.16:8081",
    "protocol": "socks5",
    "ip": "36.133.145.16",
    "port": 8081,
    "https": false,
    "anonymity": "transparent",
    "score": 1,
    "geolocation": {
      "country": "CN",
      "city": ""
    }
  },
  {
    "proxy": "socks5://46.146.220.180:1080",
    "protocol": "socks5",
    "ip": "46.146.220.180",
    "port": 1080,
    "https": false,
    "anonymity": "transparent",
    "score": 1,
    "geolocation": {
      "country": "RU",
      "city": "Perm"
    }
  },
  {
    "proxy": "socks5://109.168.173.173:1080",
    "protocol": "socks5",
    "ip": "109.168.173.173",
    "port": 1080,
    "https": false,
    "anonymity": "transparent",
    "score": 1,
    "geolocation": {
      "country": "RU",
      "city": ""
    }
  },
  {
    "proxy": "socks5://188.235.139.93:1080",
    "protocol": "socks5",
    "ip": "188.235.139.93",
    "port": 1080,
    "https": false,
    "anonymity": "transparent",
    "score": 1,
    "geolocation": {
      "country": "RU",
      "city": ""
    }
  },
  {
    "proxy": "socks5://93.157.18.44:1080",
    "protocol": "socks5",
    "ip": "93.157.18.44",
    "port": 1080,
    "https": false,
    "anonymity": "transparent",
    "score": 1,
    "geolocation": {
      "country": "RU",
      "city": "Volgodonsk"
    }
  },
  {
    "proxy": "socks5://193.33.132.22:1080",
    "protocol": "socks5",
    "ip": "193.33.132.22",
    "port": 1080,
    "https": false,
    "anonymity": "transparent",
    "score": 1,
    "geolocation": {
      "country": "RU",
      "city": "Krasnodar"
    }
  },
  {
    "proxy": "socks5://217.173.31.28:1080",
    "protocol": "socks5",
    "ip": "217.173.31.28",
    "port": 1080,
    "https": false,
    "anonymity": "transparent",
    "score": 1,
    "geolocation": {
      "country": "RU",
      "city": ""
    }
  },
  {
    "proxy": "socks5://109.197.10.223:1080",
    "protocol": "socks5",
    "ip": "109.197.10.223",
    "port": 1080,
    "https": false,
    "anonymity": "transparent",
    "score": 1,
    "geolocation": {
      "country": "RU",
      "city": ""
    }
  }
]